{
	"info": {
		"_postman_id": "b57c6185-576c-4b11-9714-cb908cc86c37",
		"name": "CloudServices Documentation",
		"description": "This an project from avans",
		"schema": "https://schema.getpostman.com/json/collection/v2.1.0/collection.json"
	},
	"item": [
		{
			"name": "Users",
			"item": [
				{
					"name": "SignUp",
					"request": {
						"method": "POST",
						"header": [
							{
								"key": "Content-Type",
								"type": "text",
								"value": "application/json"
							},
							{
								"key": "Content-Type",
								"type": "text",
								"value": "text/html"
							}
						],
						"body": {
							"mode": "raw",
							"raw": "{\n\t\"email\": \"test@gmail.com\",\n\t\"isAdmin\": false,\n\t\"username\": \"Test\",\n\t\"password\": \"Test123?\"\n}",
							"options": {
								"raw": {
									"language": "json"
								}
							}
						},
						"url": {
							"raw": "http://localhost:3000/users/signup",
							"protocol": "http",
							"host": [
								"localhost"
							],
							"port": "3000",
							"path": [
								"users",
								"signup"
							]
						},
						"description": "This route will create a user based on the given information.\nThis will do the passport local authentication."
					},
					"response": []
				},
				{
					"name": "SignIn",
					"request": {
						"method": "POST",
						"header": [
							{
								"key": "Content-Type",
								"type": "text",
								"value": "application/json"
							},
							{
								"key": "Content-Type",
								"type": "text",
								"value": "text/html"
							},
							{
								"key": "Authorization",
								"value": "token",
								"type": "text"
							}
						],
						"body": {
							"mode": "raw",
							"raw": "{\n\t\"email\":\"test@gmail.com\",\n\t\"password\": \"Test123?\"\n}",
							"options": {
								"raw": {
									"language": "json"
								}
							}
						},
						"url": {
							"raw": "http://localhost:3000/users/signin",
							"protocol": "http",
							"host": [
								"localhost"
							],
							"port": "3000",
							"path": [
								"users",
								"signin"
							]
						},
						"description": "This route will return a token by posting credentials (email and password).\nThis will do the passport local authentication."
					},
					"response": []
				},
				{
					"name": "login Google",
					"request": {
						"method": "POST",
						"header": [
							{
								"key": "Content-Type",
								"type": "text",
								"value": "application/json"
							},
							{
								"key": "Content-Type",
								"type": "text",
								"value": "text/html"
							}
						],
						"body": {
							"mode": "raw",
							"raw": "{\n\t\"access_token\": \"ya29.a0Ae4lvC2kb6cY7SponPtpmSeix9ZsKMLKtEQ0mjgOmj2wv8_JJx8PPie6dnDTVRJ-Qe0_eHbpqj_E8eyo6AF9P_1EzKrOdc0Mwkzc0OO6XsDpoJE413tQw3RM356EzNZVGFEOs6vXK4Mg8risiUT1zhBBXcgK-AoP1So\"\n}",
							"options": {
								"raw": {
									"language": "json"
								}
							}
						},
						"url": {
							"raw": "http://localhost:3000/users/oauth/google",
							"protocol": "http",
							"host": [
								"localhost"
							],
							"port": "3000",
							"path": [
								"users",
								"oauth",
								"google"
							]
						},
						"description": "This route needs a access_token provided by google. (Same route GET)"
					},
					"response": []
				},
				{
					"name": "login Facebook",
					"request": {
						"method": "POST",
						"header": [
							{
								"key": "Content-Type",
								"type": "text",
								"value": "application/json"
							},
							{
								"key": "Content-Type",
								"type": "text",
								"value": "text/html"
							}
						],
						"body": {
							"mode": "raw",
							"raw": "{\n\t\"access_token\": \"ya29.a0Ae4lvC2kb6cY7SponPtpmSeix9ZsKMLKtEQ0mjgOmj2wv8_JJx8PPie6dnDTVRJ-Qe0_eHbpqj_E8eyo6AF9P_1EzKrOdc0Mwkzc0OO6XsDpoJE413tQw3RM356EzNZVGFEOs6vXK4Mg8risiUT1zhBBXcgK-AoP1So\"\n}",
							"options": {
								"raw": {
									"language": "json"
								}
							}
						},
						"url": {
							"raw": "http://localhost:3000/users/oauth/google",
							"protocol": "http",
							"host": [
								"localhost"
							],
							"port": "3000",
							"path": [
								"users",
								"oauth",
								"google"
							]
						},
						"description": "This route needs a access_token provided by Facebook. (Same route GET)"
					},
					"response": []
				},
				{
					"name": "redirect Google",
					"request": {
						"method": "GET",
						"header": [
							{
								"key": "Content-Type",
								"type": "text",
								"value": "application/json"
							},
							{
								"key": "Content-Type",
								"type": "text",
								"value": "text/html"
							}
						],
						"url": {
							"raw": "http://localhost:3000/users/oauth/google/redirect",
							"protocol": "http",
							"host": [
								"localhost"
							],
							"port": "3000",
							"path": [
								"users",
								"oauth",
								"google",
								"redirect"
							]
						},
						"description": "This route redirects to /scavengerhunts"
					},
					"response": []
				},
				{
					"name": "get Status",
					"request": {
						"method": "GET",
						"header": [
							{
								"key": "Content-Type",
								"type": "text",
								"value": "application/json"
							},
							{
								"key": "Content-Type",
								"type": "text",
								"value": "text/html"
							},
							{
								"key": "Authorization",
								"value": "token",
								"type": "text"
							}
						],
						"url": {
							"raw": "http://localhost:3000/users/info/status",
							"protocol": "http",
							"host": [
								"localhost"
							],
							"port": "3000",
							"path": [
								"users",
								"info",
								"status"
							]
						},
						"description": "Returns if the login proceeds went well"
					},
					"response": []
				},
				{
					"name": "logout",
					"request": {
						"method": "POST",
						"header": [
							{
								"key": "Content-Type",
								"type": "text",
								"value": "application/json"
							},
							{
								"key": "Content-Type",
								"type": "text",
								"value": "text/html"
							},
							{
								"key": "Authorization",
								"type": "text",
								"value": "token"
							}
						],
						"url": {
							"raw": "http://localhost:3000/users/logout",
							"protocol": "http",
							"host": [
								"localhost"
							],
							"port": "3000",
							"path": [
								"users",
								"logout"
							]
						},
						"description": "logsout an loggedin user"
					},
					"response": []
				},
				{
					"name": "redirect Facebook",
					"request": {
						"method": "GET",
						"header": [
							{
								"key": "Content-Type",
								"type": "text",
								"value": "application/json"
							},
							{
								"key": "Content-Type",
								"type": "text",
								"value": "text/html"
							}
						],
						"url": {
							"raw": "http://localhost:3000/users/oauth/facebook/redirect",
							"protocol": "http",
							"host": [
								"localhost"
							],
							"port": "3000",
							"path": [
								"users",
								"oauth",
								"facebook",
								"redirect"
							]
						},
						"description": "This route redirects to /scavengerhunts"
					},
					"response": []
				},
				{
					"name": "get Users",
					"request": {
						"method": "GET",
						"header": [
							{
								"key": "Content-Type",
								"value": "application/json",
								"type": "text"
							},
							{
								"key": "Content-Type",
								"value": "text/html",
								"type": "text"
							},
							{
								"key": "Authorization",
								"value": "token",
								"type": "text"
							}
						],
						"url": {
							"raw": "http://localhost:3000/users",
							"protocol": "http",
							"host": [
								"localhost"
							],
							"port": "3000",
							"path": [
								"users"
							]
						},
						"description": "This function retrieves all the users, only for the role admin. A token is required for this action, which can be retrieved from login."
					},
					"response": []
				},
				{
					"name": "get User by Username",
					"request": {
						"method": "GET",
						"header": [
							{
								"key": "Content-Type",
								"type": "text",
								"value": "application/json"
							},
							{
								"key": "Content-Type",
								"type": "text",
								"value": "text/html"
							},
							{
								"key": "Authorization",
								"type": "text",
								"value": "token"
							}
						],
						"url": {
							"raw": "http://localhost:3000/users/{{username}}",
							"protocol": "http",
							"host": [
								"localhost"
							],
							"port": "3000",
							"path": [
								"users",
								"{{username}}"
							]
						},
						"description": "This function retrieves a user by username. This can only be retrieved with a token."
					},
					"response": []
				},
				{
					"name": "add User",
					"request": {
						"method": "POST",
						"header": [
							{
								"key": "Content-Type",
								"type": "text",
								"value": "application/json"
							},
							{
								"key": "Content-Type",
								"type": "text",
								"value": "text/html"
							}
						],
						"body": {
							"mode": "raw",
							"raw": "{\n\t\"email\": \"test@gmail.com\",\n\t\"isAdmin\": false,\n\t\"username\": \"Ruben\",\n\t\"password\": \"Test123?\"\n}"
						},
						"url": {
							"raw": "http://localhost:3000/users",
							"protocol": "http",
							"host": [
								"localhost"
							],
							"port": "3000",
							"path": [
								"users"
							]
						},
						"description": "This function creates an user."
					},
					"response": []
				}
			],
			"description": "This will handle all the routes of a user",
			"protocolProfileBehavior": {}
		},
		{
			"name": "PhotoScavengerHunts",
			"item": [
				{
					"name": "get photoScavengerHunts",
					"request": {
						"method": "GET",
						"header": [
							{
								"key": "Content-Type",
								"value": "application/json",
								"type": "text"
							},
							{
								"key": "Content-Type",
								"value": "text/html",
								"type": "text"
							},
							{
								"key": "Authorization",
								"value": "token",
								"type": "text"
							}
						],
						"url": {
							"raw": "http://localhost:3000/photoscavengerhunts",
							"protocol": "http",
							"host": [
								"localhost"
							],
							"port": "3000",
							"path": [
								"photoscavengerhunts"
							]
						},
						"description": "Retrieve photoScavengerHunts"
					},
					"response": []
				},
				{
					"name": "get photoScavengerHunts by scavengerTitle",
					"request": {
						"method": "GET",
						"header": [
							{
								"key": "Content-Type",
								"type": "text",
								"value": "application/json"
							},
							{
								"key": "Content-Type",
								"type": "text",
								"value": "text/html"
							},
							{
								"key": "Authorization",
								"type": "text",
								"value": "token"
							}
						],
						"url": {
							"raw": "http://localhost:3000/photoscavengerhunts/{{scavengerTitle}}",
							"protocol": "http",
							"host": [
								"localhost"
							],
							"port": "3000",
							"path": [
								"photoscavengerhunts",
								"{{scavengerTitle}}"
							]
						},
						"description": "Retrieve specific photoScavengerHunts by its scavengerTitle"
					},
					"response": []
				},
				{
					"name": "create photoScavengerHunt",
					"request": {
						"method": "POST",
						"header": [
							{
								"key": "Content-Type",
								"type": "text",
								"value": "application/json"
							},
							{
								"key": "Content-Type",
								"type": "text",
								"value": "text/html"
							},
							{
								"key": "Authorization",
								"type": "text",
								"value": "token"
							}
						],
						"body": {
							"mode": "raw",
							"raw": "{\n    \"targets\": [],\n    \"participantsUsernames\": [\"Stijn\", \"Jim\", \"Ruben\"],\n    \"scavengerTitle\": \"denbosch4\",\n    \"creator\": \"Ruben\",\n    \"description\": \"dit is een description\",\n    \"feedback\": []\n}"
						},
						"url": {
							"raw": "http://localhost:3000/photoscavengerhunts",
							"protocol": "http",
							"host": [
								"localhost"
							],
							"port": "3000",
							"path": [
								"photoscavengerhunts"
							]
						},
						"description": "POST a hunt (without targets and uploads)"
					},
					"response": []
				},
				{
					"name": "add Feedback",
					"request": {
						"method": "POST",
						"header": [
							{
								"key": "Content-Type",
								"type": "text",
								"value": "application/json"
							},
							{
								"key": "Content-Type",
								"type": "text",
								"value": "text/html"
							},
							{
								"key": "Authorization",
								"type": "text",
								"value": "token"
							}
						],
						"body": {
							"mode": "raw",
							"raw": "{\n\t\"feedback\": {\n\t\t\"grade\": 6,\n\t\t\"comment\" : \"het is best okay kan beter\",\n\t\t\"usernameGrader\" : \"Jim\"\n\t}\n}"
						},
						"url": {
							"raw": "http://localhost:3000/photoscavengerhunts/{{scavengerTitle}}/feedback",
							"protocol": "http",
							"host": [
								"localhost"
							],
							"port": "3000",
							"path": [
								"photoscavengerhunts",
								"{{scavengerTitle}}",
								"feedback"
							]
						},
						"description": "Add feedback to hunt"
					},
					"response": []
				},
				{
					"name": "remove Feedback",
					"request": {
						"method": "DELETE",
						"header": [
							{
								"key": "Content-Type",
								"type": "text",
								"value": "application/json"
							},
							{
								"key": "Content-Type",
								"type": "text",
								"value": "text/html"
							},
							{
								"key": "Authorization",
								"type": "text",
								"value": "token"
							}
						],
						"url": {
							"raw": "http://localhost:3000/photoscavengerhunts/{{scavengerTitle}}/feedback/{{username}}",
							"protocol": "http",
							"host": [
								"localhost"
							],
							"port": "3000",
							"path": [
								"photoscavengerhunts",
								"{{scavengerTitle}}",
								"feedback",
								"{{username}}"
							]
						},
						"description": "Remove feedback from hunt"
					},
					"response": []
				},
				{
					"name": "delete photoScavengerHunt",
					"request": {
						"method": "DELETE",
						"header": [
							{
								"key": "Content-Type",
								"type": "text",
								"value": "application/json"
							},
							{
								"key": "Content-Type",
								"type": "text",
								"value": "text/html"
							},
							{
								"key": "Authorization",
								"type": "text",
								"value": "token"
							}
						],
						"url": {
							"raw": "http://localhost:3000/photoscavengerhunts/{{scavengerTitle}}",
							"protocol": "http",
							"host": [
								"localhost"
							],
							"port": "3000",
							"path": [
								"photoscavengerhunts",
								"{{scavengerTitle}}"
							]
						},
						"description": "Delete a hunt with all its targets and uploads"
					},
					"response": []
				},
				{
					"name": "update photoScavengerHunt",
					"request": {
						"method": "PATCH",
						"header": [
							{
								"key": "Content-Type",
								"type": "text",
								"value": "application/json"
							},
							{
								"key": "Content-Type",
								"type": "text",
								"value": "text/html"
							},
							{
								"key": "Authorization",
								"type": "text",
								"value": "token"
							}
						],
						"body": {
							"mode": "raw",
							"raw": "{\n    \"targets\": [],\n    \"participantsUsernames\": [\"Stijn\", \"Jim\", \"Ruben\"],\n    \"scavengerTitle\": \"denbosch4 updated\",\n    \"creator\": \"Ruben\",\n    \"description\": \"dit is een description\",\n    \"feedback\": []\n}"
						},
						"url": {
							"raw": "http://localhost:3000/photoscavengerhunts/{{scavengerTitle}}",
							"protocol": "http",
							"host": [
								"localhost"
							],
							"port": "3000",
							"path": [
								"photoscavengerhunts",
								"{{scavengerTitle}}"
							]
						},
						"description": "UPDATE a hunt (this does not include children)"
					},
					"response": []
				}
			],
			"protocolProfileBehavior": {}
		},
		{
			"name": "Targets",
			"item": [
				{
					"name": "update  target",
					"request": {
						"method": "PATCH",
						"header": [
							{
								"key": "Content-Type",
								"type": "text",
								"value": "application/json"
							},
							{
								"key": "Content-Type",
								"type": "text",
								"value": "text/html"
							},
							{
								"key": "Authorization",
								"type": "text",
								"value": "token"
							}
						],
						"body": {
							"mode": "raw",
							"raw": "{\n\t\"targetTitle\": \"MyTargetJustCreated222Update\",\n\t\"description\": \"Boringgg\",\n\t\"image\": \"a\",\n\t\"radius\": 100,\n\t\"hints\": \"look close\"\n}"
						},
						"url": {
							"raw": "http://localhost:3000/photoscavengerhunts/{{scavengerTitle}}/targets/{{targetTitle}}",
							"protocol": "http",
							"host": [
								"localhost"
							],
							"port": "3000",
							"path": [
								"photoscavengerhunts",
								"{{scavengerTitle}}",
								"targets",
								"{{targetTitle}}"
							]
						},
						"description": "Edit target"
					},
					"response": []
				},
				{
					"name": "get targetByTitle",
					"request": {
						"method": "GET",
						"header": [
							{
								"key": "Content-Type",
								"type": "text",
								"value": "application/json"
							},
							{
								"key": "Content-Type",
								"type": "text",
								"value": "text/html"
							},
							{
								"key": "Authorization",
								"type": "text",
								"value": "token"
							}
						],
						"url": {
							"raw": "http://localhost:3000/photoscavengerhunts/{{scavengerTitle}}/targets/{{targetTitle}}",
							"protocol": "http",
							"host": [
								"localhost"
							],
							"port": "3000",
							"path": [
								"photoscavengerhunts",
								"{{scavengerTitle}}",
								"targets",
								"{{targetTitle}}"
							]
						},
						"description": "Get a specific target by targetTitle. Required a scavengerTitle of the hunt"
					},
					"response": []
				},
				{
					"name": "get targets",
					"request": {
						"method": "GET",
						"header": [
							{
								"key": "Content-Type",
								"type": "text",
								"value": "application/json"
							},
							{
								"key": "Content-Type",
								"type": "text",
								"value": "text/html"
							},
							{
								"key": "Authorization",
								"type": "text",
								"value": "token"
							}
						],
						"url": {
							"raw": "http://localhost:3000/targets",
							"protocol": "http",
							"host": [
								"localhost"
							],
							"port": "3000",
							"path": [
								"targets"
							]
						},
						"description": "get all targets"
					},
					"response": []
				},
				{
					"name": "getTargetsByHunt",
					"request": {
						"method": "GET",
						"header": [
							{
								"key": "Content-Type",
								"type": "text",
								"value": "application/json"
							},
							{
								"key": "Content-Type",
								"type": "text",
								"value": "text/html"
							},
							{
								"key": "Authorization",
								"type": "text",
								"value": "token"
							}
						],
						"url": {
							"raw": "http://localhost:3000/photoscavengerhunts/{{scavengerTitle}}/targets",
							"protocol": "http",
							"host": [
								"localhost"
							],
							"port": "3000",
							"path": [
								"photoscavengerhunts",
								"{{scavengerTitle}}",
								"targets"
							]
						},
						"description": "Get all targets by hunt"
					},
					"response": []
				},
				{
					"name": "add Target",
					"request": {
						"method": "POST",
						"header": [
							{
								"key": "Content-Type",
								"type": "text",
								"value": "application/json"
							},
							{
								"key": "Content-Type",
								"type": "text",
								"value": "text/html"
							},
							{
								"key": "Authorization",
								"type": "text",
								"value": "token"
							}
						],
						"body": {
							"mode": "raw",
							"raw": "{\n\t\"targetTitle\": \"MyTargetJustCreated222Update\",\n\t\"description\": \"Boringgg\",\n\t\"image\": \"a\",\n\t\"radius\": 100,\n\t\"hints\": \"look close\"\n}"
						},
						"url": {
							"raw": "http://localhost:3000/photoscavengerhunts/{{scavengerTitle}}/targets",
							"protocol": "http",
							"host": [
								"localhost"
							],
							"port": "3000",
							"path": [
								"photoscavengerhunts",
								"{{scavengerTitle}}",
								"targets"
							]
						},
						"description": "Get all targets by hunt"
					},
					"response": []
				},
				{
					"name": "delete target from Hunt",
					"request": {
						"method": "DELETE",
						"header": [
							{
								"key": "Content-Type",
								"type": "text",
								"value": "application/json"
							},
							{
								"key": "Content-Type",
								"type": "text",
								"value": "text/html"
							},
							{
								"key": "Authorization",
								"type": "text",
								"value": "token"
							}
						],
						"url": {
							"raw": "http://localhost:3000/photoscavengerhunts/{{scavengerTitle}}/targets/{{targetTitle}}",
							"protocol": "http",
							"host": [
								"localhost"
							],
							"port": "3000",
							"path": [
								"photoscavengerhunts",
								"{{scavengerTitle}}",
								"targets",
								"{{targetTitle}}"
							]
						},
						"description": "Deletes target and from its hunt"
					},
					"response": []
				},
				{
					"name": "get targetsInRange",
					"request": {
						"method": "GET",
						"header": [
							{
								"key": "Content-Type",
								"type": "text",
								"value": "application/json"
							},
							{
								"key": "Content-Type",
								"type": "text",
								"value": "text/html"
							},
							{
								"key": "Authorization",
								"type": "text",
								"value": "token"
							}
						],
						"url": {
							"raw": "http://localhost:3000/targets/range",
							"protocol": "http",
							"host": [
								"localhost"
							],
							"port": "3000",
							"path": [
								"targets",
								"range"
							]
						},
						"description": "gets targets if client is within their range"
					},
					"response": []
				}
			],
			"protocolProfileBehavior": {}
		},
		{
			"name": "Uploads",
			"item": [
				{
					"name": "get uploadsFromHunt",
					"request": {
						"method": "GET",
						"header": [
							{
								"key": "Content-Type",
								"type": "text",
								"value": "application/json"
							},
							{
								"key": "Content-Type",
								"type": "text",
								"value": "text/html"
							},
							{
								"key": "Authorization",
								"type": "text",
								"value": "token"
							}
						],
						"url": {
							"raw": "http://localhost:3000/photoscavengerhunts/{{scavengerTitle}}/targets/uploads",
							"protocol": "http",
							"host": [
								"localhost"
							],
							"port": "3000",
							"path": [
								"photoscavengerhunts",
								"{{scavengerTitle}}",
								"targets",
								"uploads"
							]
						},
						"description": "Get ALL uploads from all targets of a hunt"
					},
					"response": []
				},
				{
					"name": "get uploadsFromTargetViaHunt",
					"request": {
						"method": "GET",
						"header": [
							{
								"key": "Content-Type",
								"type": "text",
								"value": "application/json"
							},
							{
								"key": "Content-Type",
								"type": "text",
								"value": "text/html"
							},
							{
								"key": "Authorization",
								"type": "text",
								"value": "token"
							}
						],
						"url": {
							"raw": "http://localhost:3000/photoscavengerhunts/{{scavengerTitle}}/targets/uploads",
							"protocol": "http",
							"host": [
								"localhost"
							],
							"port": "3000",
							"path": [
								"photoscavengerhunts",
								"{{scavengerTitle}}",
								"targets",
								"uploads"
							]
						},
						"description": "Get ALL uploads from a targets of a hunt"
					},
					"response": []
				},
				{
					"name": "get uploadFromHunt",
					"request": {
						"method": "GET",
						"header": [
							{
								"key": "Content-Type",
								"type": "text",
								"value": "application/json"
							},
							{
								"key": "Content-Type",
								"type": "text",
								"value": "text/html"
							},
							{
								"key": "Authorization",
								"type": "text",
								"value": "token"
							}
						],
						"url": {
							"raw": "http://localhost:3000/photoscavengerhunts/{{scavengerTitle}}/targets/uploads/{{uploadTitle}}",
							"protocol": "http",
							"host": [
								"localhost"
							],
							"port": "3000",
							"path": [
								"photoscavengerhunts",
								"{{scavengerTitle}}",
								"targets",
								"uploads",
								"{{uploadTitle}}"
							]
						},
						"description": "Get an upload from a target of a hunt"
					},
					"response": []
				},
				{
					"name": "add uploadToHunt",
					"request": {
						"method": "POST",
						"header": [
							{
								"key": "Content-Type",
								"type": "text",
								"value": "application/json"
							},
							{
								"key": "Content-Type",
								"type": "text",
								"value": "text/html"
							},
							{
								"key": "Authorization",
								"type": "text",
								"value": "token"
							}
						],
						"body": {
							"mode": "raw",
							"raw": "{\r\n    \"uploadTitle\": \"test9\",\r\n    \"score\": 50,\r\n    \"date\": \"2020-03-31T17:22:30.840+00:00\",\r\n    \"likesTarget\": true,\r\n    \"participantUsername\": \"Jim\",\r\n    \"image\": \"image\"\r\n}\r\n"
						},
						"url": {
							"raw": "http://localhost:3000/photoscavengerhunts/{{scavengerTitle}}/targets/uploads",
							"protocol": "http",
							"host": [
								"localhost"
							],
							"port": "3000",
							"path": [
								"photoscavengerhunts",
								"{{scavengerTitle}}",
								"targets",
								"uploads"
							]
						},
						"description": "Get an upload from a target of a hunt"
					},
					"response": []
				},
				{
					"name": "update uploadToHunt",
					"request": {
						"method": "PATCH",
						"header": [
							{
								"key": "Content-Type",
								"type": "text",
								"value": "application/json"
							},
							{
								"key": "Content-Type",
								"type": "text",
								"value": "text/html"
							},
							{
								"key": "Authorization",
								"type": "text",
								"value": "token"
							}
						],
						"body": {
							"mode": "raw",
							"raw": "{\r\n    \"uploadTitle\": \"test9 updated\",\r\n    \"score\": 50,\r\n    \"date\": \"2020-03-31T17:22:30.840+00:00\",\r\n    \"likesTarget\": true,\r\n    \"participantUsername\": \"Jim\",\r\n    \"image\": \"image\"\r\n}\r\n"
						},
						"url": {
							"raw": "http://localhost:3000/photoscavengerhunts/{{scavengerTitle}}/targets/uploads/{{uploadTitle}}",
							"protocol": "http",
							"host": [
								"localhost"
							],
							"port": "3000",
							"path": [
								"photoscavengerhunts",
								"{{scavengerTitle}}",
								"targets",
								"uploads",
								"{{uploadTitle}}"
							]
						},
						"description": "Updates an upload from a target of a hunt"
					},
					"response": []
				},
				{
					"name": "delete Upload",
					"request": {
						"method": "DELETE",
						"header": [
							{
								"key": "Content-Type",
								"type": "text",
								"value": "application/json"
							},
							{
								"key": "Content-Type",
								"type": "text",
								"value": "text/html"
							},
							{
								"key": "Authorization",
								"type": "text",
								"value": "token"
							}
						],
						"url": {
							"raw": "http://localhost:3000/photoscavengerhunts/{{scavengerTitle}}/targets/uploads/{{uploadTitle}}",
							"protocol": "http",
							"host": [
								"localhost"
							],
							"port": "3000",
							"path": [
								"photoscavengerhunts",
								"{{scavengerTitle}}",
								"targets",
								"uploads",
								"{{uploadTitle}}"
							]
						},
						"description": "Deletes an upload from a target of a hunt"
					},
					"response": []
				},
				{
					"name": "get uploads",
					"request": {
						"method": "GET",
						"header": [
							{
								"key": "Content-Type",
								"type": "text",
								"value": "application/json"
							},
							{
								"key": "Content-Type",
								"type": "text",
								"value": "text/html"
							},
							{
								"key": "Authorization",
								"type": "text",
								"value": "token"
							}
						],
						"url": {
							"raw": "http://localhost:3000/uploads",
							"protocol": "http",
							"host": [
								"localhost"
							],
							"port": "3000",
							"path": [
								"uploads"
							]
						},
						"description": "get all uploads"
					},
					"response": []
				},
				{
					"name": "get upload by title",
					"request": {
						"method": "GET",
						"header": [
							{
								"key": "Content-Type",
								"type": "text",
								"value": "application/json"
							},
							{
								"key": "Content-Type",
								"type": "text",
								"value": "text/html"
							},
							{
								"key": "Authorization",
								"type": "text",
								"value": "token"
							}
						],
						"url": {
							"raw": "http://localhost:3000/uploads/{{uploadTitle}}",
							"protocol": "http",
							"host": [
								"localhost"
							],
							"port": "3000",
							"path": [
								"uploads",
								"{{uploadTitle}}"
							]
						},
						"description": "get upload by title"
					},
					"response": []
				}
			],
			"protocolProfileBehavior": {}
		}
	],
	"protocolProfileBehavior": {}
}